Citation,Manner
 إذا أردت أن تطاع فأمر بما يستطاع.,Sentiment: positive
 في سعة الأخلاق كنوز الأرزاق.,Sentiment: positive
 إذا المرء لم يدنس من اللؤم عرضه فكل رداء يرتديه جميل.,Sentiment: positive
 لا يمكن للإنسان أن يصبح عالماً قبل أن يكون إنساناً.,Sentiment: negative
 إذا أنتَ أكرمت الكريم مَلكته وإن أنتَ أكرمتَ اللئيم تمردا.,Sentiment: positive
 شيئان ما إنفكا يثيران في نفسي الإعجاب والاحترام: السماء ذات النجوم من فوقي، وسمو الأخلاق في نفسي.,Sentiment: positive
 كفى المرء فضلاً أن تُعَدَّ معايبه.,Sentiment: negative
 تنكشف الأخلاق في ساعة الشدّة.,Sentiment: negative
 اذا لم تستحي فافعل ما تشاء.,Sentiment: positive
 الخلوق مَن إذا مَدحته خجل وإذا هجوته سكت.,Sentiment: positive
 أطهر الناس أعراقاً أحسنهم أخلاقاً.,Sentiment: positive
 لا مروؤة لكذوب، ولا ورع لسيء الخلق.,Good Moral: وَرَع
 أعرف الناس بالله أرضاهم بما قسم الله له.,Sentiment: positive
 إِذا بيئة الإِنسان يوماً تغيَّرت .. فأخلاقُه طِبقاً لها تتغير.,Sentiment: neutral
 اعفُ عما أغضبك لما أرضاك.,Sentiment: positive
 تواضع عن رفعة، وازهد عن حكمة، وأنصف عن قوّة، وإعفُ عن قدرة. ,Sentiment: positive
 أفضل الجود العطاء قبل الموعد.,Sentiment: positive
 ما قرن شيء إلى شيء أفضل من إخلاص إلى تقوى، ومن حلم إلى علم، ومِن صدق إلى عمل، فهي زينة الأخلاق ومَنبت الفضائل.,Good Moral: حُلُم
 الأقربون أولى بالمعروف.,Sentiment: positive
 الخلوق صدوق، والعنيف ضعيف، والأصيل نبيل والحليم حكيم، والشريف عفيف.,Sentiment: positive
 الْبِشْرَ دال على الكرم.,Sentiment: positive
 حسن الخلق أحد مراكب النجاة.,Sentiment: positive
 التكبر على المتكبر تواضع.,Sentiment: positive
 أدنى أخلاق الشريف كتمان سره، وأعلى أخلاقه نسيان ما أسر له.,Sentiment: positive
 التواضع من مصائد الشرف.,Good Moral: تَواضُع
 إذا أردت أن تعرف أخلاق رجل فضع في يده سلطة ثم أنظر كيف يتصرف.,Sentiment: neutral
 الجودة من الموجودة.,Sentiment: positive
 الحر تكفيه الإشارة.,Sentiment: positive
 الحِلْمُ سيد الأخلاق.,Good Moral: حُلُم
 الدال على الخير كفاعله.,Sentiment: positive
 الرفق بالجاني عتاب.,Good Moral: رِفَق
 الشريف إذا تَقَوَّى تواضع والوضيع إذا تَقَوَّى تكبر.,Sentiment: positive
 الصدق دليل التقوى.,Good Moral: صِدْق
 الصدق يحسن بالفتى والكذب يحسب من عيوبه.,Good Moral: صِدْق
 الضحك بلا سبب مِن قلّة الأدب.,Sentiment: negative
 العِتاب خير من الحقد.,Blameworthy Moral: الحقد
 العِتاب صابون القلب.,Sentiment: positive
 العفّة جيش لا يُهزم.,Good Moral: عَفّ
 العفو عند المقدرة.,Sentiment: positive
 العفو يصلح الكريم ويفسد اللئيم.,Sentiment: positive
 الغنى في يد اللئيم قبيح قدر قبح الكريم في الإملاق.,Sentiment: neutral
 الفضل ما شهدت به الأعداء.,Sentiment: positive
 القدوة الحسنة خير من النصيحة.,Good Moral: نَصِيح
 القدوة الحسنة خير من الوصية.,Sentiment: positive
 القناعة كنز لا يفنى.,Good Moral: القناعة
 الكذب داء والصدق دواء.,Blameworthy Moral: كِذْب
 الكريم من أكرم الأحرار.,Sentiment: positive
 الكريم يظلم من فوقه واللئيم يظلم من تحته.,Sentiment: neutral
 المؤمن كالنحلة تأكل طيباً وتضع طيباً.,Sentiment: positive
 المرء بالأخلاق يسمو ذكره.,Sentiment: positive
 النظافة من الإيمان.,Good Moral: نَظاف
 النعمة عروس مهرها الشكر.,Good Moral: الشكر
 الوعد سحاب والإنجاز مطره.,Sentiment: positive
 أملك الناس لنفسه من كتم سره.,Sentiment: neutral
 إن الله يحب معالي الأمور ويبغض سفاسفها.,Sentiment: positive
 إن المقْدِرة تُذْهِبَ الحفيظة.,Sentiment: negative
 المرء بأصغريه: قلبه ولسانه.,Sentiment: positive
 إنما سُمِّيتَ هانئاً لتهنأ.,Sentiment: negative
 إنه نسيج وحده.,Sentiment: positive
 أولى الناس بالعفو أقدرهم على العقوبة.,Sentiment: neutral
 إياك وما يعتذر منه.,Sentiment: negative
 بِشْرُ الكريم في وجهه يلوح.,Sentiment: positive
 بيت المحسن عمار.,Sentiment: positive
 تاج المروءة التواضع.,Good Moral: تَواضُع
 ترك الذنب أيسر من الاعتذار.,Sentiment: neutral
 تمام الصدق الإخبار بما تحمله العقول.,Good Moral: صِدْق
 تناسَ مساوئ الاخوان يدم لك وُدُّهُمْ.,Sentiment: negative
 حُسْنُ الخلق خير قرين.,Sentiment: positive
 حُسْنُ الخلق يذيب الخطايا كما تذيب الشمس الجليد.,Sentiment: neutral
 حُسْنُ الخلق يوجب المودة.,Sentiment: positive
 حق من كتب بمسك أن يختم بعنبر.,Sentiment: negative
 خلقت مُبَرَّأً من كل عيب كأنك قد خُلقْتَ كما تشاء.,Sentiment: positive
 خير الناس للناس خيرهم لنفسه.,Sentiment: positive
 خير الناس من فرح للناس بالخير.,Sentiment: positive
 خير صِلاتِ الكريم أَعْوَدُها.,Sentiment: positive
 ساقي القوم آخرهم شراباً.,Sentiment: negative
 سر النجاح على الدوام هو أن تسير إلى الأمام.,Sentiment: positive
 سيد القوم خادمهم.,Sentiment: positive
 شكرت جميل صنعكم بدمعي ودمع العين مقياس الشعور.,Sentiment: positive
 صلاح أمرك بالأخلاق مرجعه فَقَوِّم النفس بالأخلاق تستقم.,Sentiment: positive
 عامل الناس برأي رفيق والقِ من تلقى بوجه طليق.,Sentiment: neutral
 عامل الناس بما تحب أن يعاملوك به.,Sentiment: positive
 فرط الأنس مكسبة لقرناء السوء.,Sentiment: negative
 فلان دُرَّةُ التاج وواسطة العقد.,Sentiment: negative
 في سعة الأخلاق كنوز الأرزاق.,Sentiment: positive
 قلب المؤمن دليله.,Sentiment: positive
 قليل في الجيب خير من كثير في الغيب.,Sentiment: positive
 كل امرئ بما يحسنه.,Sentiment: positive
 إن السؤال يُذِلُّ قوماً كذلك يعز قوم بالعطاء.,Good Moral: عِزّ
 لا تشن وجه العفو بالتأنيب.,Sentiment: negative
 لا تكن حلواً فتؤكل ولا مراً فترمى.,Sentiment: neutral
 لا تمازح الشريف فيحنق عليك ولا الدنيء فيتجرأ عليك.,Sentiment: neutral
 لا تنه عن خلق وتأتي مثله عار عليك إذا فعلت عظيم.,Sentiment: negative
 لا خير فيمن لا يَأْلَفُ ولا يؤلف.,Sentiment: positive
 لكل مقام مقال ولكل زمان رجال.,Sentiment: positive
 للشدائد تُدَّخَرُ الرجال.,Sentiment: positive
 لو كان الكذب ينجي فالصدق أنجى.,Blameworthy Moral: كِذْب
 ما كل من قال قولاً وفى.,Sentiment: neutral
 مِن حسن إسلام المرء تَرْكُهُ ما لا يعنيه.,Sentiment: negative
 معاتبة الاخوان خير من فقدهم.,Sentiment: negative
 من تواضع لله رفعه.,Sentiment: positive
 من حسن خُلُقُه استراح وأراح.,Sentiment: positive
 مِن حسن خُلقُه وجب حقُّه.,Sentiment: positive
 مَن شابه أباه فما ظلم.,Blameworthy Moral: ظُلْم
 مَن شَبَّ على شيء شاب عليه.,Sentiment: negative
 من عرف نفسه عرف ربه.,Sentiment: positive
 من لم يقنع باليسير لم يكتفِ بالكثير.,Sentiment: negative
 نعم الثوب العافية إذا انسدل على الكفاف.,Sentiment: positive
 نعم العون على المروءة المال.,Sentiment: positive
 نعم المؤَدِّبُ الدهر.,Sentiment: positive
 نعم حاجب الشهوات غض البصر.,Sentiment: neutral
 هذا الشبل من ذاك الأسد.,Sentiment: positive
 هي الأخلاق تنبت كالنبات إذا سقيت بماء المكرمات.,Sentiment: positive
 هيهات تكتم في الظلام مشاعل.,Sentiment: negative
 إنما الأمم الأخلاق ما بقيت فإنّ هم ذهبت أخلاقهم ذهبوا.,Sentiment: neutral
 إني وإن كنت الأخير زمانه لآت بما لم تستطعه الأوائل.,Sentiment: neutral
 أي الناس ليس به عيوب.,Sentiment: positive
 تأتي على قدر الكرام المكارم.,Sentiment: positive
 تعظم في عين الصغير صغارها وتصغر في عين العظيم العظائم.,Sentiment: positive
 مهما يكن عند أمرئ من خَليقَةٍ وإن خالها تَخْفَى على الناس تُعْلَمِ.,Sentiment: positive
 ليست الأخلاق أن تكون صالحا فحسب، بل أن تكون صالحاً لشيء ما.,Sentiment: positive
 إجتنب مصاحبة الكذاب فإن اضطررت إليه فلا تُصَدِّقْهُ.,Sentiment: neutral
 إجهل الناس من كان على السلطان مدلاً وللإخوان مذلاً.,Sentiment: negative
 أحضر الناس جواباً من لم يغضب,Sentiment: positive
 الأخلاق نبتة جذورها في السماء، أما أزهارها وثمارها فتعطر الأرض.,Sentiment: positive
 أذل البخل .. أعناق الرجال.,Sentiment: negative
 التربية الخلقية أهم للإنسان من خبزه وثوبه.,Sentiment: positive
 أرى كل إنسان يرى عيب غيره ويعمى عن العيب الذي هو فيه.,Good Moral: غَيْر
 تفسد المؤسسات حين لا تكون قاعدتها الأخلاق.,Sentiment: negative
 أعلمه الرماية كل يوم فلما أشتد ساعِدُهُ رماني.,Sentiment: positive
 ابدؤوا بإصلاح الأخلاق فإنها أول الطريق.,Good Moral: إِصْلاح
 أغنى الأغنياء من لم يكن للبخل أسيراً.,Sentiment: positive
 إصحَب الناس بأي خلق شئت يصحبوك.,Sentiment: neutral
 أقلّ الناس سروراً الحسود.,Sentiment: negative
 مَن ساء خلقه عَذَّبَ نفسه.,Sentiment: negative
 البخيل عظيم الرواق صغير الأخلاق.,Sentiment: positive
 إصحب الناس بمكارم الأخلاق، فإن الثواء بينهم قليل.,Sentiment: positive
 البخيل غناه فقر ومطبخه قفر.,Sentiment: negative
 الاتحاد ثمرة لشجرة ذات فروع وأوراق وجذوع وجذور، هي الأخلاق الفاضلة بمراتبها.,Sentiment: positive
 الحاسد يرى زوال نعمتك نعمة عليه,Sentiment: positive
 من مكارم الأخلاق: صدق اللسان، وصدق البأس، وإعطاء السائل، وحسن الخلق، والمكافأة بالصنائع، وصلة الرحم. ,Good Moral: صِدْق
 الحسد ثِقْلٌ لا يضعه حامله,Blameworthy Moral: حَسَد
 العشرة السيئة تفسد الأخلاق الحسنة.,Sentiment: negative
 الحسد داء لا يبرأ منه.,Blameworthy Moral: حَسَد
 يمكن للإنسان أن يدخل قلوب الآخرين دون أن ينطق بكلمه واحدة، إذ يكفيه سلوكه الناطق بالصفات الكريمة والأخلاق الحميدة.,Sentiment: positive
 الحسد والنفاق والكذب أثافي الذل.,Blameworthy Moral: حَسَد
 الخاذل أخو القاتل.,Sentiment: negative
 الشرير لا يظن بالناس خيراً.,Sentiment: negative
 الشماتة بالمنكوب لؤم.,Blameworthy Moral: شَمات
 الطبع غلب التطبّع.,Sentiment: positive
 العديم من إحتاج من اللئيم.,Sentiment: negative
 الغضب صدأ العقل.,Blameworthy Moral: غَضَب
 المزح يجلب الشر صغيراً والحرب كبيرة.,Sentiment: negative
 المكر حيلة من لا حيلة له.,Sentiment: negative
 إن الذليل من دل في سلطانه.,Sentiment: negative
 إن الشباب والفراغ والْجِدَة مفسدة للمرء أي مفسدة.,Sentiment: negative
 إن الغريق بكل حبل يعلق.,Sentiment: negative
 إن كنت كذوباً فكن ذكوراً.,Sentiment: positive
 إنك تضرب في حديد بارد.,Sentiment: neutral
 أول الغضب جنون وآخره ندم.,Blameworthy Moral: غَضَب
 إياك عني واسمعي يا جارة.,Sentiment: negative
 بئس الشعار الحسد.,Blameworthy Moral: حَسَد
 بدن فاجر وقلب كافر.,Sentiment: negative
 بغاث الطير أكثرها فراخاً.,Sentiment: positive
 حاسد النعمة لا يرضيه إلّا زوالها.,Sentiment: positive
 حبل الكذب قصير.,Blameworthy Moral: كِذْب
 خير الأصدقاء من ترك المزاح.,Sentiment: positive
 ذُلَّ من يغيظ الذليل بعيش.,Blameworthy Moral: ذُلّ
 ريح صيف وطارق طيف.,Sentiment: negative
 سائل البخيل محروم وماله مكتوم.,Sentiment: negative
 سكت دهراً ونطق كفراً.,Sentiment: negative
 شر الحديث الكذب.,Blameworthy Moral: كِذْب
 شر السمك يكدر الماء.,Sentiment: negative
 شر الناس من لا يبالي أن يراه الناس مسيئاً.,Sentiment: negative
 قد ينبت الشوك وسط الزهور.,Sentiment: positive
 كثرة الضحك تذهب الهيبة.,Sentiment: negative
 كلام كالعسل ووغزٌ كالأسل.,Sentiment: negative
 لا تمدّن إلى المعالي يداً قصرت عن المعروف.,Sentiment: positive
 لا خير فيمن لا يدوم له أحد.,Sentiment: positive
 لا رأي لمن لا يطاع.,Sentiment: negative
 لا رأي لكذوب.,Sentiment: negative
 لا راحة لحسود.,Sentiment: negative
 لا في العير ولا في النفير.,Sentiment: negative
 لا مروءة لبخيل.,Sentiment: negative
 لا يثمر الشوك العنب.,Sentiment: negative
 لا يحمل الحقد من تعلو به الرتب.,Blameworthy Moral: الحقد
 لا يرضى عنك الحسود حتى تموت.,Sentiment: negative
 لا يشكر الناس من لا يشكر الله.,Sentiment: negative
 لله در الحسد ما أعدله بدأ بصاحبه فقتله.,Blameworthy Moral: حَسَد
 ليس للحاسد إلا ما حسد.,Blameworthy Moral: حَسَد
 من أطاع غضبه أضاع أدبه.,Blameworthy Moral: غَضَب
 مَن أوقد نار الفتنة احترق بها.,Sentiment: negative
 مَن حسن من دونه فلا عذر له.,Sentiment: positive
 مَن ظهر غضبه قل كيده.,Blameworthy Moral: غَضَب
 مَن فاته الأدب لم ينفعه الْحَسَبُ.,Sentiment: negative
 مَن فسدت بطانته كان كمن غص بالماء.,Sentiment: negative
 مَن لم يركب الأهوال لم ينل الآمال.,Sentiment: positive
 مَن ملك غضبه احترس من عدوه.,Blameworthy Moral: غَضَب
 نفاق المرء من ذلّه.,Blameworthy Moral: نِفاق
 بعض خلائق الأقوام داء كداء البطن ليس له دواء.,Sentiment: negative
 في الناس شر لو بدا ما تعاشروا ولكن كساه الله ثوب غطاء.,Sentiment: negative
 كم علمته نظم القوافي فلما قال قافية هجاني.,Sentiment: positive
 كنت أذم إليك الزمان فقد صرت فيك أذم الزمان.,Sentiment: neutral
 ومن لا يتق الشَّتْمَ يُشْتَم.,Sentiment: negative
الصبر شجرة جذورها مُرّة وثمرها لذيذ.,Good Moral: صَبْر
الصبر هو أفضل شيء يمكنك استخدامه مع مرور الوقت إذا أصابك الأذى.,Good Moral: صَبْر
ثق بصبرك وكن حذرا في الليالي، لأنها بلدان.,Good Moral: صَبْر
النجاح والغنى يتبعان الصبر، وستر الفقر نسيج الكسل.,Good Moral: صَبْر
وبحسب الطفل، إذا لم يحصل على ما يريد بالصبر، فإنه يبقى فوق الصبر.,Good Moral: صَبْر
الغرور نصف الداء، والطمأنينة نصف العلاج، والصبر أول خطوة للشفاء.,Good Moral: صَبْر
عندما يشتد الألم ويزداد الألم، لا يوجد علاج فوري وفعال مثل وصفة الصبر والصلاة لتهدئة النفس وعودتها إلى طبيعتها.,Good Moral: صَبْر
واعلم أن أعلى درجات الصداقة اثنتين أن تصبر على صديقك عندما تسود طبعه فيسيء إليك، ثم عندما تسود طبيعتك تصبر حتى لا تسيء إليه.,Sentiment: positive
فالصبر مطلوب حتى يخرج العباد من المشاكل.,Good Moral: صَبْر
عليك أن تنتظر حتى المساء لتعرف كم كان يومك رائعًا.,Sentiment: neutral
قليل من الصبر يساوي عشر سنوات من الراحة.,Good Moral: صَبْر
إلا بالصبر تنال مرادك، وبالتقوى يلين لك الحديد.,Good Moral: صَبْر
اصبر قليلاً، فإن بعد العسر يسراً، ولكل أمر وقته واتجاهه، وفي أحوالنا لمحة من الحقيقة، وهناك تقدير فوق تقديرنا لله.,Sentiment: positive
فحسن الصبر ليس فيه شكوى، وحسن العفو ليس فيه ضرر، وحسن الهجر ليس فيه إدانة.,Good Moral: صَبْر
علمني الزمن، وعلمني الصبر، وأقنعني الرزق، وكفاني اليأس، وتعرضت للفتنة حتى حرمت من نهاني.,Good Moral: صَبْر
الصبر هو أفضل شيء يمكنك استخدامه ضد الزمن إذا أصابك أي ضرر.,Good Moral: صَبْر
استعين بالله عز وجل، والجأ إليه واطلب منه أن يلهمك الصبر على حكمه حتى يخفف البلاء وتنجح في الاختبار.,Good Moral: عِزّ
الصبر سلعة تدفع فيها المال ثم يضاعفه لك ثم تؤجله.,Good Moral: صَبْر
ولكي يتحقق الصبر لا بد من طلب المساعدة والثقة.,Good Moral: صَبْر
الصبر على الألم يأتي في الصدمة الأولى.,Good Moral: صَبْر
احفظ لسانك من كثرة الشكوى في بعض الأحيان، واصبر على المشاكل وارضى بما قسمه الله لك، فإنك لا تدري ما مصيرك.,Sentiment: positive
فالغضب لا يتوافق مع الصبر، والشكوى لا تتوافق مع الرضا، فهما ضد بعضهما البعض.,Blameworthy Moral: غَضَب
الطمأنينة أول خطوة في العلاج، والخطأ نصف الداء، والصبر أول طريق الشفاء.,Good Moral: صَبْر
الصيد والعيش في الصحراء يعلم الصبر، لأنه عليك الانتظار حتى تحصل على الجميلات والطعام، لذلك علم نفسك وأولادك الصيد والانتظار حتى تحصل على ما تريد.,Good Moral: صَبْر
الصبر والمرونة هي الصفات التي نحب أن ننميها في أطفالنا لمساعدتهم على البقاء في الحياة، وهما من أهم الصفات التي ستساعدهم على تحقيق أحلامهم دون استسلام.,Good Moral: صَبْر
وتذكر حال من هو أكثر اضطراباً منك؛  لأن من رأى متاعب غيره تهون عليه متاعبه.,Good Moral: غَيْر
الصبر على مواجهة المتاعب، والاستهانة بأثر الشوك تحت الأقدام.,Good Moral: صَبْر
يا ابن آدم، لماذا تحزن على خسارة لا يردها لك الموت، وكيف تفرح على هدية لم يتركها الموت بين يديك؟,Sentiment: negative
بالنسبة لي فإن قضمة الجمرة أو الإمساك بها بيدي حتى تبرد أحب من قول “ليت الأمر لم يكن هكذا، اصبر على البلاء” إلى أمر قد كتبه الله.,Sentiment: neutral
فالمصيبة قدر الله لا مفر منه، ولا يأتي قدر الله إلا بالخير.,Sentiment: negative
إن الرضا بقضاء الله وقدره والتعرض للمصائب من أعظم ما يعين العبد على مواجهة البلاء.,Sentiment: positive
ولا ينفع القلق والسخط، لأن الندم على ما فاته لا يحدثه.,Sentiment: negative
أن تعلم طبيعة الدنيا وأنها دار عناء، كما أن الدنيا جسر يوصلك إلى دار الآخرة، فلا تقلق من الأشياء التي تفوتك في الدنيا واصبر.,Sentiment: positive
ثق أنه سيكون هناك فرج من الله عز وجل، اصبر وانتظر الخلاص عندما ترى شيئًا لا يمكنك فعله بطريقة أخرى.,Good Moral: عِزّ
استعيني بالله، ولجأي إليه، واستعيني به، واسأليه أن يلهمك الصبر والرضا بقضاءه.  لتسهيل تجربة الملل والنجاح في الامتحان.,Good Moral: صَبْر
للحصول على الصبر، من الضروري الثقة وطلب المساعدة.,Good Moral: صَبْر
إن الثقة بالله أمر كبير كثيرا ما نتجاهله، ونحن اليوم بحاجة إلى هذه الثقة لاستعادة توازن الحياة المضطرب.,Sentiment: positive
توكل على الله تجد إبراهيم حين ألقي في النار فقال بعزة المتوكلين حسبنا الله ونعم الوكيل، فجاء الأمر الإلهي يا نار وتكون بردا وسلاما على إبراهيم.,Good Moral: عِزّ
توكلت هاجر على الله عندما يموت زوجها ويتركها في وادٍ غير مثمر، في صحراء قاحلة، في شمس حارقة موحشة، وتقول يا إبراهيم، لمن تتركنا؟  واستمرت جهوده إلى الأبد.  ولو كنا خائفين وجزعين لما حصلنا اليوم على بركات ماء زمزم.,Good Moral: غَيْر
توكل على الله في الذين قيل أن الناس قد جمعوا عليك.  الخوف منهم؛  ولكن ثقتهم بالله أكبر من قوة أعدائهم وعددهم.,Sentiment: positive
الثقة بالله هي السعادة في الحياة، الثقة بالنفس، قرة العين، أغنية السعداء.,Sentiment: positive
التوكل على الله لا يخيف الإنسان، فهي قاعدة الصبر والتفاؤل.,Good Moral: صَبْر
الثقة بالله لا تجعل الإنسان حزيناً أو مهموماً.,Sentiment: positive
الثقة بالله هي أول خطوة للنجاح وأساس الصبر والتفاؤل.,Good Moral: صَبْر
والإيمان بالله مرتبط بالصبر، لأن الصابر هو الذي يؤمن أن الله سيحسن إليه.,Good Moral: صَبْر
الحب في الحقيقة هو أجمل وأحلى أنواع الصبر.,Good Moral: صَبْر
ومن لا يعرف الصبر لا يعرف الحب.,Good Moral: صَبْر
أهم شيء في الحياة الزوجية هو الصبر وليس الحب، فالحب لا يمكن أن يستمر طويلاً.,Good Moral: صَبْر
الحب هو أجمل اكتشاف للإنسان، وإلا لكان مجرد صخرة لا يحركها شيء، ولا شيء سوى تآكل يومي، والحب أيضًا يتآكل عندما يفتقر إلى الإبداع المستمر.,Sentiment: negative
لا تؤذي شخصاً ثم تقول أحبك، لا تحزنه ثم تقول ما يؤذيني سيؤذيك أيضاً، لا تزرع الشوك في صدره ثم تقول أهتم بك، الحب الحقيقي لا يؤذيك. لا تظهر جوهرها غير العاطفة.  ، الغضب والغياب والخلاف، ولكن في المواقف العادية الهدوء والرومانسية، من السهل التظاهر والسيطرة، أحب السادة الصبر، نعم الصبر.,Good Moral: غَيْر
وأنا هنا أتحدث عن الحب الإنساني بمعناه الواسع والجميل والواسع، في العلاقة بين الرجل والمرأة، سواء كانت حلالاً أو حراماً، صحاً أو خطأً، وليس اختزالاً في واقعنا الحالي، فالحب هو الصبر.,Good Moral: صَبْر
عندما أحب الصحابة الله ورسوله وقدموا هذا الحب على أنفسهم وأموالهم وأولادهم، ضحوا بكل شيء وتحملوا العذاب والجوع والتشريد والموت، فأي حب وأي صبر؟,Good Moral: صَبْر
ألم تر كيف تصبر الأمهات على الحمل والألم والثقل والتعب حتى قبل رؤية مولودهن الجديد، ثم يختبرن عذاب الولادة، لكن عندما يحتضن الصغير عينيه فقط ينسى كل الألم، بل على العكس فهو يعاني أكثر.  يعذبها فقط لأنها تحبه.,Sentiment: negative
لقد أدرك فجأة ما كان يتمناه.,Sentiment: positive
وهو أيضاً صبر ظفر.,Good Moral: صَبْر
لا أصبر على نفسي ولا يصبر الناس علي.,Sentiment: neutral
دواء الدهر هو الصبر .,Good Moral: صَبْر
أجمل أخلاق الناس الصبر.,Good Moral: صَبْر
لأن نتيجة الصبر الجميل جميلة.,Good Moral: صَبْر
الرضا دليل الثقة، والثقة دليل الشكر، والشكر دليل التكاثر، والزيادة دليل استمرار النعمة، والحياة دليل كل أنواع الخير.,Good Moral: الشكر
يمشي ببطء ويأتي أولاً.,Sentiment: positive
الصبر عند الكوارث يسمى إيمانا.,Good Moral: صَبْر
الصبر الذي يظهر مع حفظ الأسرار يسمى السرية.,Good Moral: صَبْر
إذا كان الصبر مرًا فالنتيجة حلوة.,Good Moral: صَبْر
الشخص قليل الصبر مثل المصباح بدون زيت.,Good Moral: صَبْر
وكذلك الصبر شجرة جذورها مرة وثمرها لذيذ.,Good Moral: صَبْر
وحلاوة الظفر تخفف ألم الصبر.,Good Moral: صَبْر
ليس الأمر أن تكون أعمى، بل هو عدم القدرة على تحمل العمى.,Sentiment: negative
ومن الجيد أيضًا الصبر على ما يحدث، فإذا صبروا، أحيانًا يكون الصبر مفيدًا.,Good Moral: صَبْر
الصبر هو أفضل شيء يمكنك استخدامه مع مرور الوقت إذا كان مضرًا.,Good Moral: صَبْر
الله ينتظر لكنه لا يهمل.,Sentiment: positive
تماما كما هو الحال اليوم غدا، في مسعدة.,Sentiment: negative
أنا أغرق، فما خوفي من البلل؟,Sentiment: negative
الشدة والتكلفة.,Sentiment: negative
فصبرك على محرمات الله أهون من صبرك على عذاب الله.,Good Moral: صَبْر
وكما أن نتيجة الصبر هي النجاح والغنى، كذلك فإن ثوب الفقر هو نتيجة الكسل.,Good Moral: صَبْر
تدريجيا تصبح على بينة من الفرص.,Sentiment: positive
دع الأيام تفعل ما تشاء واشف نفسك حسب قرار القضاء.,Sentiment: positive
إذا كنت تظن أن الصبر عند بعض الناس يساوي البلادة، فلا تخلط بين بلادة الطبيعة المريضة وخضوع الأقوياء لما يصيبهم.,Good Moral: صَبْر
فكما زرعت آلامي في حقل الجليد، نلت أيضًا أفراحًا.,Sentiment: negative
الصبر هو أفضل دواء للحزن.,Good Moral: صَبْر
الوهم نصف الداء، والاطمئنان نصف العلاج، والصبر أول خطوة للشفاء.,Good Moral: صَبْر
أحلك ساعات اليوم هي قبل شروق الشمس.,Sentiment: negative
إذا كان الصبر مرًا فالنتيجة حلوة.,Good Moral: صَبْر
كما يسمى الولاء والصبر في سبيل الصداقة.,Good Moral: صَبْر
اصبر قليلاً، فإن بعد العسر يسراً، ولكل عمل وقته وإدارته.,Sentiment: positive
اصبر على كل مصيبة وضيق واعلم أن الخلود خالد ومرض العيون أهون من العمى.,Sentiment: positive
كل قادم قريب وكل قلق على وشك الزوال.,Sentiment: negative
ومن لا يصبر على كلمة يسمعها.,Sentiment: negative
كما أن الصبر يسمى قوة وإيمانًا عند تحمل الألم.,Good Moral: صَبْر
إذا لم تشرب من القذارة مرارا وتكرارا سوف تعطش، فمن الذي سينظف مشروباتك؟,Sentiment: negative
اصبر فإن بعد العسر يسرا، ولكل عمل وقته وتدبيره.,Sentiment: positive
في الوقت الحاضر.,Sentiment: neutral
إن التباطؤ من الرحمن، والعجلة من الشيطان.,Sentiment: neutral
كما أصبر على كل بلاء ومتاعب وأعلم أن الخلود ليس أبدى.,Sentiment: positive
هناك أمل عندما تكون السماء مخفية.,Sentiment: neutral
وقال عمر بن الخطاب (رضي الله عنه) وجدنا خير أرزاقنا، إن خير أرزاقنا ما كسبنا بالصبر، والكرم ولو كان الصبر بين الناس.,Good Moral: صَبْر
وكما قال الحسن البصري “الصبر كنز من كنوز الخير لا يعطيه الله إلا عبده الذي يكرمه”.,Good Moral: صَبْر
وقال علي بن أبي طالب “لكن الصبر من الإيمان مثل الرأس من الجسد، إذا قطع الرأس صلح الجسد، ثم رفع صوته”.,Good Moral: صَبْر
فقال “لا إيمان لمن لا صبر له”.  “الصبر جبل، لا تستسلم، لا تستسلم.”  أمر.,Good Moral: صَبْر
وكما قال عبد الله بن مسعود “الإيمان نصفان نصف صبر، ونصف شكر”.,Good Moral: صَبْر
وقال أبو علي الدقاق “إن الذين صبروا نالوا عزة الدارين بما نالوا من الله العون”.,Good Moral: عِزّ
وكما قال عمر بن عبد العزيز “ما أعطى الله عبداً نعمة فانتزعها منه وعوضها له صابراً، إلا كان ما دفعه خيراً مما حصل”.,Sentiment: positive
"قال لقمان الحاكم لا شك أن الكلام أقوى من الحجر، وأوثق من الإبرة، وأشد من الصبر، وأدفأ من الجمر.

    إن في القلوب حقولا، فازرع فيها الكلمة الطيبة، فإنها وإن لم تكن كلها تزدهر، فإن بعضها يزدهر.",Good Moral: صَبْر
إن في القلوب حقولا، فازرع فيها الكلمة الطيبة، فإنها وإن لم تكن كلها تزدهر، فإن بعضها يزدهر.,Sentiment: positive
وقال علي بن أبي طالب (رضي الله عنه) “الصبر سفر فلا تستسلم”.,Good Moral: صَبْر
وكما قال أبو محمد الجريري “ليس الصبر هو التمييز بين النعم والمتاعب، وهدوء البال في كليهما”.,Good Moral: صَبْر
قال الحسن الصبر كنز من كنوز الجنة لا يعطيه الله إلا عباده الذين يكرمونه.,Good Moral: صَبْر
إن في القلوب حقولا، فازرع فيها الكلمة الطيبة، فإنها وإن لم تكن كلها تزدهر، فإن بعضها يزدهر.,Sentiment: positive
"إذا واجهتك صعوبة يوما ما فلا تجزع، فقد جعل لك اليسر طويلا، ولا تظن بربك سوء الظن، فالله أحق بالنعمة.

    لو كانت العقول أرزاقاً لكانت الأموال في صف ذوي العقول.",Sentiment: positive
لو كانت العقول أرزاقاً لكانت الأموال في صف ذوي العقول.,Sentiment: negative
إذا كان الصبر مرًا فالنتيجة حلوة.,Good Moral: صَبْر
التحلي بالصبر وسوف تنجح.,Good Moral: صَبْر
اصبر قليلاً، فإن بعد العسر يسراً، ولكل عمل وقته وإدارته.,Sentiment: positive
من يرزق فإن رزقه يكفيه، ومن يرزق يكفيه يصبر على الشدائد.,Sentiment: positive
أما والله فإما أن تصبر أو تهلك.,Sentiment: positive
إذا تعثرت وسقطت في حفرة واسعة فلا تيأس، ستخرج منها أقوى.,Sentiment: positive
إن الله مع الصابرين.,Sentiment: positive
الصبر هو مفتاح الفرج.,Good Moral: صَبْر
عش شهر رجب وسترى العجائب.,Good Moral: سِتْر
التسامح يهدم الجبال.,Sentiment: negative
إن التباطؤ من الرحمن، والعجلة من الشيطان.,Sentiment: neutral
إن القلق من الكارثة هو كارثة.,Sentiment: negative
فإذا تواضع الإنسان شكر إذا أعطي، وإذا رد صبر صبر.,Good Moral: شُكْر
اصبر على العنب الحامض الذي تأكله.,Sentiment: positive
بالصبر تنال ما تريد، وبالتقوى يلين لك الحديد.,Good Moral: صَبْر
علمتني اللانهاية، وهداني الصبر، ورزقني الرزق، وأغناني اليأس.,Good Moral: صَبْر
اصبر إذا غضبت، اصبر إذا أصابتك مصيبة؛  لأن الليالي حوامل تلد كل معجزة.,Sentiment: positive
فالمريض الصابر قد يدرك بعض حاجاته، والمريض المتسرع قد يخطئ.,Sentiment: neutral
إذا جاءك الزمان بمصيبة فاصبر عليها واشرح لها صدرك؛  لأن مرور الزمن غريب؛  يوماً ما سوف ترى اليسر، ويوماً سوف ترى الصعوبة.,Sentiment: positive
كل شيء يقترب، وكل قلق يوشك أن يزول.,Sentiment: negative
اعلم أن لا شيء سيبقى على حاله.,Sentiment: positive
أنت لست أول شخص يخدعه سيراب.,Sentiment: negative
لا تضيع الحقوق وراء الطلبات.,Sentiment: positive
من وثق بنفسه لا يحتاج إلى مدح الناس إيّاه، ومن طلب الثّناء فقد دلّ على ارتيابه في قيمة نفسه.,Sentiment: positive
إذا مدح الرجل نفسه ذهب بهاؤه.,Sentiment: positive
أحسن المدح أصدقه.,Sentiment: positive
للمديح والملفوف طعم لذيذ، لكنّهما يسبّبان الانتفاخ.,Sentiment: positive
لا تمدح النّهار قبل غروبه.,Sentiment: positive
"مهما وصلت إليه من نجاح وتألّق لا تكرّر كلمات المدح الرنّانة لنفسك، لا تقل ""أنا أملك مقوّمات التّميّز، وأنا أختلف عن الآخرين، ولا أقارن بشخص غيري""، بل اكتفِ بالرّضا المقبول عن نفسك، وحاول أن يصل الألق إلى روحك، واصنع لك مجداً بداخلك عنوانه السّلام، بعيداً عن مبدأ المنافسة وفكرة إثبات الذات.",Good Moral: غَيْر
في زمن يُكثر فيه العاديون من مدح أنفسهم ويبالغوا في ذلك فما ظنّك بالخارقين.,Blameworthy Moral: ذُلّ
إذا مدحك واحد بما ليس فيك فلا تأمن أن يذمّك أيضاً بما ليس فيك.,Sentiment: positive
نحن نحبّ أحياناً حتّى المدائح الّتي لا نعتقد أنّها صادقة.,Sentiment: negative
من يعرف كيف يمدح يعرف كيف يشتم.,Sentiment: negative
لا يجتمع الإخلاص في القلب، ومحبّة المدح والثّناء.,Good Moral: مُحِبّ
الشّيء الّذي لا يحسن أن يقال، وإن كان حقَّاً، مدح الإنسان نفسه.,Sentiment: negative
من يمدح العروس سوى أهلها.,Sentiment: positive
في المديح بداية الشّتيمة.,Sentiment: positive
من مدحك فإنّما مدح مواهب الله عندك، فالفضل لمن منحك لا لمن مدحك.,Sentiment: positive
إذا قبلت مديحاً وقد أتيت قبيحاً، فقد قبلت هجاء مصرّحاً تصريحاً.,Sentiment: neutral
إذا مدحتم فلا تطيلوا المادحة؛ فإنّه يُنسى أوّلها ولا يُحفظ آخرها، وإذا هجوتم فخالفوا.,Sentiment: neutral
لا تمدح النّهار قبل غروبه، ولا المرأة قبل موتها.,Sentiment: neutral
المديح الحقيقي هو الّذي يقوله فيك عدوّك.,Sentiment: positive
امدح الإنسان بعد موته.,Sentiment: positive
المديح الكاذب يفضّل على النّقد الصّادق.,Sentiment: negative
المدح غير المستحقّ، سخرية متخفّية.,Good Moral: غَيْر
الأمور الّتي تعرفها تعادل في حجمها حفنة الرّمل الّتي في يدك، أمّا الأمور التي لا تعرفها تعادل في حجمها حجم الكون.,Sentiment: neutral
المدح بعد الحياة حياة.,Sentiment: positive
من مدحك بما ليس فيك وهو راض عنك، ذمّك بما ليس فيك وهو ساخط عليك.,Sentiment: neutral
كلمات الثّناء لا توفيك حقّك، شكراً لك على عطائك المميز، وحملك الأمانة بكل إخلاص، في عهدك كانت النّقابة في أفضل مراتبها، ولولا جهودكم لما كان للنّجاح أيّ وصول ولما تحقّقت الأهداف، فقد كنت أساس رفعة وتقدّم.,Good Moral: الأمانة
وحلف الوفاء يميناً أن يقاسمك الوفاء، دمت بخير يا واحداً ليس له مثيل.,Good Moral: وَفاء
يعجز اللّسان عن الثّناء، فلك منّي عظيم الودّ والتّقدير، لقد أتعبت أهل الوصل من بعدك، فأدامك الله يا أغلى من عرفت.,Sentiment: positive
كلمات الشّكر لن توافيك، أخي والله إنّ اللّسان يعجز عن مدحك، والأحرف تعجز عن التّعبير لك حفظك الله.,Good Moral: شُكْر
تلوح في سمائنا دوماً نجوم برّاقة، لا يخفت بريقها عنّا لحظةً واحدةً، نترقّب إضاءتها بقلوب ولهانة، ونسعد بلمعانها في سمائنا كلّ ساعة، فقد استحقّت وبكلّ فخر أن يُرفع اسمها في عليانا.,Sentiment: positive
عبر نفحات النّسيم وأريج الأزاهير وخيوط الأصيل، أرسل شكراً من الأعماق لك.,Good Moral: شُكْر
من أيّ أبواب الثّناء سندخل، وبأيّ أبيات القصيد نعبّر، وفي كلّ لمسة من جودكم وأكفكّم للمكرمات أسطر، كنت كسحابة معطاءة سقت الأرض فاخضرّت، كنت ولا زلت كالنّخلة الشّامخة تعطي بلا حدود، فجزاك عنّا أفضل ما جزى العاملين المخلصين، وبارك الله لك وأسعدك أينما حطّت بك الرّحال.,Sentiment: positive
بكلّ الحبّ والوفاء، وبأرقّ كلمات المدح والثّناء، ومن قلوب ملؤها الإخاء، نتقدّم بالشّكر لمن تفانت في عملها.,Good Moral: وَفاء
إليك يا من كان لها قَدَم السّبق في ركب العلم والتّعليم، إليك يا من بذلتِ ولم تنتظري العطاء، إليك أُهدي عبارات الشّكر والتّقدير.,Good Moral: شُكْر
تتسابق الكلمات وتتزاحم العبارات لتنظم عقد الشّكر الّذي لا يستحقّه إلّا أنت.,Good Moral: شُكْر
إليكِ يا من كان لها قدم السّبق في ركب العلم والتّعليم، إليك يا بذلتِ ولم تنتظري العطاء، إليك أهدي عبارات الشّكر والتّقدير.,Good Moral: شُكْر
لقد أخطأت في مدحي كما أخطأت في منعي لقد أنزلت حاجاتي بواد غير ذي زرع.,Good Moral: غَيْر
ربّ مدح أذاع في النّاس فضلاً وأتاهم بقدوة ومثالِ وثناء على فتى عمّ قوماً قيمة العقد حسن اللآلي,Sentiment: positive
کأنّي إذ نزلت على المعلّى نزلت على البواذخ من شمام فما ملك العراق على المعلّى بمقتدر، ولا ملك الشآم أقر حشا امرئ القيس بن حجر بنو تيم مصابيح الظلام,Sentiment: neutral
تحْمِلُه النّاقةُ الأَدْماءُ مُعتَجِرًا بالبُردِ كالبَدْرِ جَلّى لَيلةَ الظُّلَمِ وفِي عِطَافَيْهِ أوْ أثْنَاءِ بُرْدَتِهِ ما يَعلمُ اللهُ مِن دِينٍ ومِن كَرَمِ,Blameworthy Moral: ظُلْم
كَفى بِكَ داءً أَن تَرى المَوتَ شافِيا وَحَسبُ المَنايا أَن يَكُنَّ أَمانِيا تَمَنَّيتَها لَمّا تَمَنَّيتَ أَن تَرى صَديقًا فَأَعيا أَو عَدُوًّا مُداجِيا إِذا كُنتَ تَرضى أَن تَعيشَ بِذِلَّةٍ فَلا تَستَعِدَّنَّ الحُسامَ اليَمانِيا وَلا تَستَطيلَنَّ الرِماحَ لِغارَةٍ وَلا تَستَجيدَنَّ العِتاقَ المَذاكِيا,Sentiment: neutral
كلُّ امرىءٍ مدح امرأً لنواله فأطال فيه فقد أراد هجاءَهُ لو لم يقدِّر فيه بُعْدَ المُسْتقَى عند الورود لَمَا أطال رشاءَهُ غيري فإنّي لا أطيل مدائحي إلّا لأوفي من مدحتُ ثناءَهُ وأَعُدُّ ظلماً أن أُقِلَّ مديحَهُ عمداً وأَسخطُ أنْ يُقِلَّ عطاءَهُ,Good Moral: غَيْر
الطَّاهِرُونَ كَأَنَّهمْ مَاءُ السَّمَا لَم يَلْتَصِقْ دَرَنٌ بِهِمْ وَعُيُوبُ إِنَّا وَقَد جُزْنَا المَدَى وَتَقَارَبَتْ آجالُنَا وأَمَضَّنَا التَّجرِيبُ وَتَحَالَفَتْ أَطوَارُنا وَتَمازَجَتْ وَنَبا بِنَا التَّقرِيعُ وَالتَّأنِيبُ وَتَخاذَلَتْ خُطواتُنا من فَرْط ما جَدَّ السُّرَى، وَالشَّدُّ، وَالتَقرِيبُ لِنَراكُمُ المَثَلَ العَلِيَّ لأمّةٍ تَرمِي إِلى أَهدَافِهَا وَتُصيب,Sentiment: neutral
قَرَّت عُيونُ المَجدِ وَالفَخرِ بِخِلعَةِ الشَمسِ عَلى البَدرِ صَبَّت عَلى عِطفَيهِ أَطرافَها مُعلَمَةً بِالعِزِّ وَالنَصرِ كَأَنَّها خِلعَةُ ثَوبِ الدُّجى في عاتِقِ العَيّوقِ وَالنَسرِ زَرَّ عَلَيهِ المَلكُ فَضفاضَها وَإِنَّما زَرَّ عَلى النَسرِ خَطَوتَ فيها غَيرَ مُستَكبِرٍ خَطوَ السُّها في خِلَعِ الفَجرِ,Good Moral: عِزّ
عَلى قَدرِ أَهلِ العَزمِ تَأتي العَزائِمُ وَتَأتي عَلى قَدرِ الكِرامِ المَكارِمُ وَتَعظُمُ في عَينِ الصَغيرِ صِغارُها وَتَصغُرُ في عَينِ العَظيمِ العَظائِمُ يُكَلِّفُ سَيفُ الدَولَةِ الجَيشَ هَمَّهُ وَقَد عَجَزَت عَنهُ الجُيوشُ الخَضارِمُ وَيَطلِبُ عِندَ الناسِ ما عِندَ نَفسِهِ وَذَلِكَ ما لا تَدَّعيهِ الضَراغِم يُفَدّي أَتَمُّ الطَيرِ عُمرًا سِلاحُه نُسورُ المَلا أَحداثُها وَالقَشاعِمُ,Blameworthy Moral: ذُلّ
فَخَرتُم بِاللِّواءِ وَشَرُّ فَخرٍ لِواءٌ حينَ رُدَّ إِلى صُؤابِ جَعَلتُم فَخرَكُم فيهِ لِعَبدٍ مِنَ اِلأَمِ مَن يَطا عَفَرَ التُرابِ حَسِبتُم وَالسَفيهُ أَخو ظُنونٍ وَذَلِكَ لَيسَ مِن أَمرِ الصَوابِ بِأَنَّ لِقاءَنا إِذ حانَ يَومٌ بِمَكَّةَ بَيعُكُم حُمرَ الثِيابِ أَقَرَّ العَينَ أَن عُصِبَت يَداهُ وَما إِن تُعصَبانِ عَلى خِضابِ,Blameworthy Moral: ذُلّ
إن قلت شكراً فشكري لن يوفيكم حقَّاً سعيتم فكان السّعي مشكوراً إن جفّ حبري عن التّعبير يكتبكم قلب به من صفاء الحبّ تعبيراً.,Good Moral: شُكْر
يهوى الثّناء مبرِّز ومقصِّر حبّ الثّناء طبيعة الإنسان.,Sentiment: neutral
إذا المرء لم يمدحه حسن فعاله فمادحه يهذي وإن كان مفصحاً.,Sentiment: neutral
ثلاث موبقات هي: الكبر فإنه حط إبليس من مرتبته، والحرص فإنه أخرج آدم من الجنة، والحسد فإنه دعا ابن آدم إلى قتل أخيه.,Blameworthy Moral: كُبْر
الحسد إهانة للذات.,Blameworthy Moral: حَسَد
الحسد هو عد النعم التي يحظى بها الآخرون بدلاً من عد نعمك.,Blameworthy Moral: حَسَد
الحاسد يصوّب على الآخرين ويجرح نفسه.,Sentiment: negative
الحسد مثل النار دائماً تستهدف أعلى النقاط.,Blameworthy Moral: حَسَد
ليس الحاسد هو الذي يطمع أن يساويك بأن يرقى إليك، بل هو الذي يريد أن تساويه بأن تنزل إليه.,Sentiment: positive
ما يثير في الناس الحسد ما لا يستطيعون هم أنفسهم أن يتمتعوا به.,Blameworthy Moral: حَسَد
قبل أن يبدأ الإنسان حياته عليه أن يقاتل شعور الحسد والكراهية في نفسه.,Blameworthy Moral: حَسَد
الحسد أغبى الرذائل إطلاقاً، فإنه لا يعود على صاحبه بأية فائدة.,Blameworthy Moral: حَسَد
يمكنني أن أرضي الناس كلهم إلا حاسد نعمة، فإنه لا يرضيه إلا زوالها.,Sentiment: positive
لا يمكنك أن تكون سعيداً وحاسداً بنفس الوقت.,Sentiment: negative
اصبر على كيد الحسود فإن صبرك قاتله، كالنار تأكل بعضها إن لم تجد ما تأكله.,Good Moral: صَبْر
لله در الحسد ما أعدله، بدأ بصاحبه فقتله.,Blameworthy Moral: حَسَد
الحسد أول خطيئة ظهرت في السموات، وأول معصية حدثت في الأرض.,Blameworthy Moral: حَسَد
إن الحسد في دين المسلم أسرع من الآكلة في جسده.,Blameworthy Moral: حَسَد
يأكل الحسد الحاسدين كما يأكل الصدأ الحديد.,Blameworthy Moral: حَسَد
كن سعيداً كلما كثر حسادك فهم الشهادة لك على نجاحك.,Sentiment: positive
مسكين هو الحاسد لا يظلم إلا نفسه.,Sentiment: positive
الحسد عاطفة مفعمة بالجبن والعار بحيث لا يجرؤ إنسان على الاعتراف بها.,Blameworthy Moral: حَسَد
ما يلقاه الرجل من حسد أقرانه أشد مما يلقاه من كيد أعدائه.,Blameworthy Moral: حَسَد
الحسد ينبع من انعدام الثقة، لا بالآخرين بل بالذات.,Blameworthy Moral: حَسَد
الأنانية تولّد الحسد، والحسد يولّد البغضاء، والبغضاء تولّد الاختلاف، والاختلاف يولّد الفرقة، والفرقة تولد الضعف، والضعف يولّد الذل، والذل يولّد زوال الدولة، وزوال النعمة، وهلاك الأمة.,Blameworthy Moral: حَسَد
الحسد يأكل المودة، والجحود لا يفسد الود وحده، ولكنه يفسد المروءة أيضاً.,Blameworthy Moral: حَسَد
الحاسد مغتاظ على من لا ذنب له، ويبخل بما لا يملكه، ويطلب ما لا يجده.,Sentiment: negative
لا نحسد إلا أولئك الذين نعرفهم جيداً، ونخالطهم كثيراً، والذين من المفروض أن نفرح لنجاحهم لهذا يوجد شيء ما حقير في كل صداقة ولهذا لا نحب أقرباءنا إلّا في الحالة التي يكونون فيها ضحايا.,Sentiment: negative
لا يحمل الحقد من تعلو به الرتب، ولا ينال العلا من طبعه الغضب.,Blameworthy Moral: الحقد
المؤمن يغبط ولا يحسد، والغبطة من الإيمان، والحسد من النفاق.,Blameworthy Moral: حَسَد
لون الحاسد شاحب وكلامه نميمة، ومهما ر الزمن سيبقى الحاسد حاقدا، لا ترجى مودته.,Blameworthy Moral: نَمِيم
متى دخل الحسد والغيرة خرجت الحقيقة من الرأس.,Blameworthy Moral: حَسَد
كنت أحسد من له حذاء إلى أن رأيت رجلاً بلا قدمين.,Sentiment: negative
الموت يفتح باب الشهرة ويغلق باب الحسد.,Blameworthy Moral: حَسَد
نحتاج إلى أن نغسل قلوبنا كل يوم من كل شعور بسيط وصغير بالحسد لأي إنسان، مهما صعبت ظروفنا ومهما قهرنا الحرمان علينا أن ندرك أن الكمال غير موجود وأن الحسد جهل، فلا أحد كامل بشكل يستحق الحسد، فما يكسبه في يد يفقده من يد أخرى، مثلنا تماما نفقد بعض رغباتنا ونحرم منها، لكننا في اليد الأخرى نمتلك كثيرا من الرغبات التي يتمناها الآخرون ويحلمون بها,Blameworthy Moral: حَسَد
أشعر كأن كل حلم من أحلامي وأمنية من أمنياتي قد خرجت من نفسي وصعدت إلى السماء فشُذبت ورُتبت وعُدلت وصيغت في حال أطهر ثم أُعيدت إلى صدري مرة أخرى، لأن الأحلام يا أخي إذا تأخرت في صدرك تفسد، وإذا باتت في نفسك سنة بعد سنة تشوبها الشوائب وتتراكم فوقها أتربة من الأنانية والحسد واليأس، رضا الله يخلقك مرةً أخرى بقلب جديد وأحلام نظيفة.,Good Moral: حُلُم
كثيراً ما يخطئ الناس في الظن بأن التواضع يقهر الكبرياء ويطفئ أحقاد الحساد .. هناك حالات عدة، لا يجدي التواضع فيها فتيلاً، ويكون فيها بالإضافة إلى ذلك عائقاً ولا سيما عندما يستخدم في التعامل مع أناس متغطرسين، قد يدفعهم الحسد أو أي شيء آخر إلى حمل الكراهية لك.,Good Moral: تَواضُع
يكمن الحسد في جذر خوفنا الوجودي، انظر إلى تاريخ بني آدم، كل تلك الحروب وذاك الخراب، هل تعرفون ما الذي قالوه عندما توقفت الحرب العالمية الأولى؟ قالوا إنّها الحرب التي ستنهي كل الحروب! وبالطبع لم يحدث ذلك، فالإنسان حسود بطبعه، وأنانيته تدفعه إلى الأذى وحسده يقوي الصراع لم تنته الحروب لأنّ هناك ظلمًا وتفرقة، وبدلًا من الاشتغال بحل ذلك، أنتجنا عرقية ودينية ونحن الآن موعودون بمزيد من التعارضات التي لم نعرف لها مثيلًا في التاريخ.,Blameworthy Moral: حَسَد
جاملْ عدوَّك ما استطعتَ فإنَّه جاملْ عدوَّك ما استطعتَ فإنَّه بالرفقِ يطمع في صلاح الفاسدِ بالرفقِ يطمع في صلاح الفاسدِ واحذرْ حسودَك ما استطعت فإنَّه واحذرْ حسودَك ما استطعت فإنَّه إن نمت عنه فليس عنك براقدِ إن نمت عنه فليس عنك براقدِ إنَّ الحسودَ وإن أراك توددًا إنَّ الحسودَ وإن أراك توددًا منه أضرُّ من العدو الحاقدِ منه أضرُّ من العدو الحاقدِ ولربما رضي العدوُّ إذا رأى ولربما رضي العدوُّ إذا رأى منك الجميلَ فصار غير معاندِ منك الجميلَ فصار غير معاندِ ورضا الحسودِ زوالُ نعمتك التي ورضا الحسودِ زوالُ نعمتك التي أوتيتها من طارف أو تالدِ أوتيتها من طارف أو تالدِ فاصبرْ على غيظِ الحسود فنارُه فاصبرْ على غيظِ الحسود فنارُه ترمي حشاه بالعذابِ الخالدِ ترمي حشاه بالعذابِ الخالدِ تضفو على المحسودِ نعمةُ ربِّه تضفو على المحسودِ نعمةُ ربِّه ويذوبُ من كمدٍ فؤادُ الحاسدِ ويذوبُ من كمدٍ فؤادُ الحاسدِ,Good Moral: رِفَق
حسدوا الفتى إذ لم ينالوا سعيَه حسدوا الفتى إذ لم ينالوا سعيَه فالقومُ أعداءٌ له وخصومُ فالقومُ أعداءٌ له وخصومُ كضرائرِ الحسناءِ قلنَ لوجهِها كضرائرِ الحسناءِ قلنَ لوجهِها حسدًا وبغيًا إنَّه لدميمُ حسدًا وبغيًا إنَّه لدميمُ والوجهُ يشرقُ في الظلامِ كأنَّه والوجهُ يشرقُ في الظلامِ كأنَّه بدرٌ منيرٌ والنساءُ نجومُ بدرٌ منيرٌ والنساءُ نجومُ وترَى اللبيبَ محسدًا لم يجترمْ وترَى اللبيبَ محسدًا لم يجترمْ شتمَ الرجالِ وعرضُه مشتومُ شتمَ الرجالِ وعرضُه مشتومُ وكذاك مَن عظمتْ عليه نعمةٌ وكذاك مَن عظمتْ عليه نعمةٌ حسادُه سيفٌ عليه صرومُ حسادُه سيفٌ عليه صرومُ فاتركْ محاورةَ السفيهِ فإنَّها فاتركْ محاورةَ السفيهِ فإنَّها ندمٌ وغبٌّ بعدَ ذاك وخيمُ ندمٌ وغبٌّ بعدَ ذاك وخيمُ,Blameworthy Moral: حَسَد
لمنْ جاهدَ الحُسَّادَ أجرُ المجاهدِ، وأعجَزُ مَا حَاوَلتُ إرْضَاءُ حَاسِدِ ولمْ أرَ مثلي اليومَ أكثرُ حاسداً كأنَّ قُلُوبَ النَّاسِ لي قَلبُ وَاجِدِ ألمْ يَرَ هذا النّاسُ غَيْرِيَ فاضِلاً؟ ولمْ يَظْفَرِ الحُسَّادُ قَبلي بمَاجِدِ؟! أرى الغلَّ مِنْ تحتِ النفاقِ وأجتني مِنَ العَسَلِ المَاذِيّ سُمّ الأسَاوِدِ وَأصْبِرُ مَا لْم يُحْسَبِ الصَّبْرُ ذِلّةً، وَألْبَسُ للمَذْمُومِ حُلّة حَامِدِ,Good Moral: غَيْر
ألا إنَّ أخلاقَ الفَتَى كزَمانِهِ، فمنهُنَّ بِيضٌ في العيون وسُودُ وتأكُلنا أيَّامُنا فكأنَّما تَمرُّ بِنا السَّاعاتُ وهي أُسودُ وقد يَخمُلُ الإنسانُ في عُنفوانِه وينبَهُ مِن بَعدِ النُّهَى فيسودُ فلا تحسُدنَّ يوماً على فضلِ نعمةٍ، فحسبُكَ عَاراً أنْ يُقالَ حَسودُ,Good Moral: آلِف
إن شئت قتل الحاسدين تعمدا من غير عادية عليك ولا قود وبغير سم قاتل وصوارم وعقاب رب ليس يغفل عن أحد عظم تجاه عيونهم محسودهم فتراهم موتى النفوس مع الجسد ذوب المعادن باللظى لكنما ذوب الحسود بحر نيران الحسد لم يبلغ الحساد أجالا لهم إذ أنهم سماهم موت الكمد حد الزناة من الشريعة مدة وترى الحسود بدائه أبدا يحد,Good Moral: غَيْر
عزّة النفس هي الوجه الآخر للحياة.,Good Moral: عِزّ
الفقر في النفس وفيها الغنى، وفي غنى النفس الغنى الأكبر.,Sentiment: neutral
لعزيز النفس لمعة تظهر في عينيه، فتمنحه بهاء خاصاً.,Sentiment: positive
من عظّم نفسه وعززها فرض في المجالس وقاره، ومن أهان نفسها وحقّرها أهانه حتى أهل داره.,Sentiment: positive
عش عزيزاً أو مت كالأشجار وقوفاً.,Sentiment: positive
لا تسقني ماء الحياة بـذلة، بل اسقنـي بالعزّ كـأس الحنظل.,Good Moral: عِزّ
لا تنحنِ لغير خالقك، فلم يجعل الله رأسك في الأعلى عبثاً.,Sentiment: positive
عش عزيزاً أو مت وأنت كريم.,Sentiment: positive
جميلة هي عزّة النفس تشعرنا بالاكتفاء رغم الحاجة.,Good Moral: عِزّ
تفسيرنا الخاطئ لمفهوم عزة النفس تجعل الفرص الثمينة هباءً منثوراً، والاعتذار أمراً محظوراً.,Good Moral: عِزّ
في قانون عزة النفس من طال غيابه أصبح غريباً.,Good Moral: عِزّ
الكرم هو أن تعطي أكثر من استطاعتك، وعزة النفس هي أن تأخذ أقل ممّا تحتاج.,Good Moral: عِزّ
عزة نفس الإنسان هي رأس ماله، إن فقدها فقد ذاته وإن ملك كل الدنيا.,Good Moral: عِزّ
عزة النفس أن تسمو وتبتعد عن كل من يقلل من قيمتك.,Good Moral: عِزّ
ليس حراً من يُهان أمامه إنسان ولا يشعر بالإهانة.,Sentiment: negative
من قوانين عزة النفس: ألا تكرم من أهانك، ولا تحنّ لمن باعك، ولا تلجأ لمن أضلّ طريقك عمداً، ولا تشتاق لمن استغنى.,Good Moral: عِزّ
أعشق في نفسي العناد لأني لم أخلق لأركع إلّا لربّ العباد.,Sentiment: positive
عزة النفس نقطة انتهى عندها ألف صديق وألف حبيب.,Good Moral: عِزّ
على سبيل عزة النفس والكرامة، لا تجبر نفسك على أحد ولا تجبر أحدا عليك.,Good Moral: عِزّ
عزة النفس هي أن تتقمص دور المكتفي بأي شيء وأنت فى أمس الحاجة لكلّ شيء.,Good Moral: عِزّ
عزة النفس هي أن أضحك أمامك وفي داخلي جحيم مشتعل.,Good Moral: عِزّ
أرقى أنواع عزة النفس، هو الصمت في الوقت الذي ينتظر فيه الناس انفجارك بالكلام.,Good Moral: عِزّ
عزة النفس ترغمني بأن لا أفرضها على من لا يقدرها.,Good Moral: عِزّ
عزة النفس ليست لساناً ساخراً وطبعاً متكبراً، بل هي أن تبتعد عن كل ما يقلل من قيمتك.,Good Moral: عِزّ
من اليوم الذي عرفت فيه الدنيا جيداً وأنا أتنازل، كأنني في تحدٍ مع عزة النفس، وإنني أتخفف كما لو أني موعود بشيء ذي قيمة في نهاية المطاف.,Good Moral: عِزّ
عزة النفس لا تعني أنك إنسان معقد، ولا صعب، ولا حساس، تعني أنك تقدر نفسك.,Good Moral: عِزّ
عزة النفس يا صاحبي ثمّ أنت، وإن أقفيت لا يلحقك غير ظلك.,Good Moral: عِزّ
وخيرهما الذي يبدأ بالسلام، إن كان هذا في السلام، فكيف البدء بحديث تعيد به أنهار الوصل، وتسد به فجوة القطيعة وتغالب معه عزة النفس.,Good Moral: عِزّ
نفس الكريم على الخصاصة وَالأذى هي في الفضاء مع النسور تحلق.,Sentiment: positive
خلقت لنفسك أولاً وليس للعابرين، يجب عليك أن تتلذذ بنعمة الاكتفاء بذاتك.,Sentiment: positive
لا تقارن نفسك بالآخرين، إذا قمت بذلك، فإنك تهين نفسك.,Sentiment: negative
عزّة النفس هي أن تكتفي بالقليل رغم الحاجة وكأنّك أغنى الأغنياء.,Good Moral: عِزّ
أنا لا أشكو، ففي الشكوى انحناء، وأنا نبض عروقي كبرياء.,Sentiment: positive
لا سعادة بلا كرامة.,Sentiment: negative
عزّة النفس هي تلك السمة التي إن اكتسبها الإنسان، ملكَ العالم بأسره.,Good Moral: عِزّ
ثمن الكرامة والحرية فادح، لكن ثمن الذل أفدح.,Blameworthy Moral: ذُلّ
إنّ الإنسان لا يرث عزّة النفس أو المهانة، بل يصنع إحداهما لنفسه.,Good Moral: عِزّ
وأيّ فضيلة تربي عليها المرأة أبناءها أكبر من أن تربيهم على عزّة النفس؟!,Good Moral: عِزّ
عزة النفس أن تقول لا شيء يحدث، وكل الأشياء تحدث بداخلك.,Good Moral: عِزّ
أعظم الكرامة لزوم الاستقامة.,Sentiment: positive
الوحدة في رفقة الكبرياء ليست وحدة.,Sentiment: negative
كن عزيزاً وإياك أن تنحني مهما كان الأمر ضرورياً فربما لا تأتيك الفرصة كي ترفع رأسك مرة أخرى.,Sentiment: positive
إنّ الشعور بالعزة صفة حميده أمّا الادعاء بالباطل فهو صفة مرذولة.,Good Moral: عِزّ
من أكرمته عزة نفسه أُكرم.,Good Moral: عِزّ
لا معنى للحب دون عزة النفس.,Good Moral: عِزّ
تأكّد أنّك لن تموت إذا خسرت من تحب في سبيل عزّة نفسك، لكنّك ستعيش كالميّت إن خسرت كرامتك في سبيل من تحب.,Good Moral: عِزّ
الحب جميل لكن عزة النفس أجمل بكثير.,Good Moral: عِزّ
حين تدق في القلب أجراس الكرامة، كل المشاعر مجبورة أن تموت.,Sentiment: positive
من يحبّك لن يضع نفسه مع عزّة نفسك في اختيار أبداً.,Good Moral: عِزّ
أقصى درجات الحب، هي حبّك لذاتك الذي يمنعك من أن تريق ماء وجهك في سبيل شخص لا يقدّرك.,Sentiment: positive
لستُ الذي يرنو إلى الوصال إذا تغنوا بالصدود..ولستُ الذي يبكي على خلّ مضى حتى يعود.,Sentiment: positive
عزة النفس أن تقضي ساعات وأنت تكتب رسالة عتاب ثم تمحوها في ثوانٍ.,Good Moral: عِزّ
قد يقتل الكبرياء الحب في لحظة ما، ويمضي بعزّة متشحاً السواد.,Good Moral: عِزّ
في الحب لا تكن ثقيلاً فيُستغنى عنك، ولا خفيفاً فيُستهان بك.,Sentiment: positive
كثرة عتاب الحبيب تقلّل من عزّة نفس المحبّ دون أن يشعر.,Good Moral: عِزّ
العزة هي ألّا نتعلق بمن لا يحبنا.,Good Moral: عِزّ
هجرتُ أحبّتي طوعاً لأني هجرتُ أحبّتي طوعاً لأني رأيت قلوبهم تهوى فراقي رأيت قلوبهم تهوى فراقي نعم أشتاق قربهم ولكن نعم أشتاق قربهم ولكن وضعت كرامتي فوق اشتياقي وضعت كرامتي فوق اشتياقي وأرغب وصلهم دوما ولكن وأرغب وصلهم دوما ولكن طريق الذل لا تهواه ساقي طريق الذل لا تهواه ساقي,Blameworthy Moral: ذُلّ
يقولون لي فيك انقباضٌ وإنما يقولون لي فيك انقباضٌ وإنما رأوا رجلاً عن موقفِ الذلِّ أحجما رأوا رجلاً عن موقفِ الذلِّ أحجما أرى الناسَ من داناهُمُ هان عندهم أرى الناسَ من داناهُمُ هان عندهم ومن أكرَمته عزةُ النفسِ أكرِما ومن أكرَمته عزةُ النفسِ أكرِما ولم أقضِ حَقَّ العلمِ إن كان كُلَّمَا ولم أقضِ حَقَّ العلمِ إن كان كُلَّمَا بدا طَمَعٌ صَيَّرتُه لي سُلَّما بدا طَمَعٌ صَيَّرتُه لي سُلَّما وما زلتُ مُنحازاً بعرضيَ جانباً وما زلتُ مُنحازاً بعرضيَ جانباً من الذلِّ أعتدُّ الصيانةَ مَغنما من الذلِّ أعتدُّ الصيانةَ مَغنما إذا قيلَ هذا مَنهلٌ قلتُ قد أرى إذا قيلَ هذا مَنهلٌ قلتُ قد أرى ولكنَّ نفسَ الحرِّ تَحتَملَ الظَّمَا ولكنَّ نفسَ الحرِّ تَحتَملَ الظَّمَا,Blameworthy Moral: ذُلّ
ومن لم يجد إلا ذعاف مذلة ومن لم يجد إلا ذعاف مذلة وروداً فموت العز مورده عذب وروداً فموت العز مورده عذب وهل يظمأ اللاوي من الذل جانباً وهل يظمأ اللاوي من الذل جانباً وبيض الظبا رقراقها علل سكب وبيض الظبا رقراقها علل سكب إذا رمت دفع الشك بالعلم فاختبر إذا رمت دفع الشك بالعلم فاختبر بعينك ماذا تفعل الأسد الغلب بعينك ماذا تفعل الأسد الغلب أما والهضاب الراسيات ولم أقل أما والهضاب الراسيات ولم أقل عظيماً، فكل دون موقفه الهضب عظيماً، فكل دون موقفه الهضب لئن أسلمتهم عزة النفس للردى لئن أسلمتهم عزة النفس للردى فما عودتهم أن يلم بهم عتب فما عودتهم أن يلم بهم عتب,Good Moral: عِزّ
دَعِي عِزّةَ النّفْس ِتُنجيكِ مِنّي دَعِي عِزّةَ النّفْس ِتُنجيكِ مِنّي فقد ماتَ بين الضلوع ِالحنينْ فقد ماتَ بين الضلوع ِالحنينْ لقد أنهكَ العُمرَ فَرْطُ التمنّي لقد أنهكَ العُمرَ فَرْطُ التمنّي وقلبُكِ فى جفوةٍ لا يلينْ وقلبُكِ فى جفوةٍ لا يلينْ فأنَّى لقلبي أن يُسْتَرقَّ فأنَّى لقلبي أن يُسْتَرقَّ وأنى لقلبِكِ أن يَسْتكينْ وأنى لقلبِكِ أن يَسْتكينْ لقد سقطَ الحبُّ من راحتيكِ لقد سقطَ الحبُّ من راحتيكِ وأنتِ كما أنتِ لا تعلمينْ وأنتِ كما أنتِ لا تعلمينْ,Good Moral: عِزّ
عِشْ عزيزا أوْ مُتْ وَأنتَ كَرِيمٌ عِشْ عزيزا أوْ مُتْ وَأنتَ كَرِيمٌ بَينَ طَعْنِ القَنَا وَخَفْقِ البُنُودِ بَينَ طَعْنِ القَنَا وَخَفْقِ البُنُودِ فَرُؤوسُ الرّمَاحِ أذْهَبُ للغَيْـ فَرُؤوسُ الرّمَاحِ أذْهَبُ للغَيْـ ظِ وَأشفَى لِغلّ صَدرِ الحَقُودِ ظِ وَأشفَى لِغلّ صَدرِ الحَقُودِ لا كَما قد حَيِيتَ غَيرَ حَميدٍ لا كَما قد حَيِيتَ غَيرَ حَميدٍ وإذا مُتَّ مُتَّ غَيْرَ فَقيدِ وإذا مُتَّ مُتَّ غَيْرَ فَقيدِ فاطْلُبِ العِزّ في لَظَى وَدَعِ الذّ فاطْلُبِ العِزّ في لَظَى وَدَعِ الذّ لّ وَلَوْ كانَ في جِنانِ الخُلُودِ لّ وَلَوْ كانَ في جِنانِ الخُلُودِ يُقْتَلُ العاجِزُ الجَبَانُ وقَدْ يَعـ يُقْتَلُ العاجِزُ الجَبَانُ وقَدْ يَعـ ـجِزُ عَن قَطْع بُخْنُقِ المَولودِ ـجِزُ عَن قَطْع بُخْنُقِ المَولودِ,Good Moral: غَيْر
أفضل الولاة من بقي بالعدل ذكره، واستمده من بعده.,Sentiment: positive
من العدل أن يأتي الرجل من الحجج لخصومه، بمثل ما يأتي به لنفسه.,Sentiment: neutral
ليس من العدل أن تطلب من الآخرين ما لست أنت مستعداً لفعله.,Sentiment: neutral
لا يمكن أن تكون العدالة لطرف واحد، وإنما لكلا الطرفين.,Sentiment: neutral
يقوم العدل بمنع الظلم، ونشر العلم، وإزالة الجهل، فبالعدل نرقى، ونسمو، وبالظلم نخسر، وندنو.,Blameworthy Moral: ظُلْم
لا يستطيع أحد أن يمنحك الحرية، ولا يستطيع أحد أن يمنحك المساواة أو العدالة أو أي شيء آخر، فإن كنت رجلاً، فعليك أن تأخذها بنفسك.,Sentiment: positive
أقم العدل بحياتك، ومع غيرك ليصل الحق إلى أهله، وتكسب الأجر، وتكون سبباً في نشر الخير.,Good Moral: غَيْر
لا يكون العمران حيث لا يعدل السلطان.,Sentiment: neutral
العدل بكلمات أخرى هو الأمان للضعيف، والفقير، يُشْعره بالعزة، والفخر .,Good Moral: أَمان
إذا حكمت، فاحكم بالعدل، وإذا دبرت، فلا تترك شيئاً للمصادفة.,Sentiment: positive
أريد أن أكون مع الحقيقة كيفما كان مصدرها، ومع العدل المجرد أياً كان المستفيد أو المتضرر منه، ومع الإنسان أولاً، وقبل كل شيء، ومع الإنسانية جمعاء.,Sentiment: positive
عندما يدخل الثأر من الباب، تخرج العدالة من المدخنة.,Sentiment: negative
العدالة تشتمل على كل الفضائل، والعادل امرئ طيب لا يفقد احترام الناس له أبدا.,Sentiment: positive
لم يكن الناس ليعرفوا العدل لو لم يكن هناك ظلم.,Blameworthy Moral: ظُلْم
نريد الحرية، والعدل، والمساواة بأي طريقة كانت وهذا ما يسبب الظلم في كثير من الأحيان.,Blameworthy Moral: ظُلْم
إن العدل أقل تكلفة من الظلم، والأمن أقل كلفة من الحرب.,Blameworthy Moral: ظُلْم
من العدل أن أحاول خلق شيء يتيح لي أن أعيش ميسوراً أو يتيح لي على الأقل أن أموت.,Sentiment: neutral
العدالة ثمينة جداً، ولذلك هي تكلف غالياً.,Sentiment: negative
العدل يؤدي إلى الحياة، ولكن الذي يتبع الشر يجد الموت.,Sentiment: neutral
العدالة المتطرفة هي ظلم متطرف.,Blameworthy Moral: ظُلْم
كن قاطع طرق، كن لصاً، لكن ابق عادلاً.,Sentiment: negative
الإسلام دين الوسطيّة، فهو يعدل في كلّ أمور الحياة.,Sentiment: neutral
أقرب موارد العدل القياس على النفس.,Sentiment: positive
يتحقق السلام بوجود العدل.,Sentiment: positive
وبين الظلم الظاهر، والعدل الخفي، خيط رفيع لا يراه إلا أهل القلوب اليقظة.,Blameworthy Moral: ظُلْم
إذا رغبت الملوك عن العدل، رغبت الرعية عن الطاعة.,Sentiment: neutral
قد لا ينقذ من يطلب العدل العالم ولكنه ينقذ نفسه على الأقل.,Sentiment: positive
أسوأ أنواع الظلم، الادعاء بأن هناك عدلاً.,Blameworthy Moral: ظُلْم
إذا لم يعدل المعلم بين الصبيان كُتِبَ من الظلمة.,Blameworthy Moral: ظُلْم
يجب أن نحارب من أجل السلام الوحيد الذي يستحق وقفة سلام، وهو السلام القائم على العدل.,Sentiment: positive
كل الفضائل تتلخص في التعامل بعدالة.,Sentiment: positive
كن عادلاً قبل أن تكون كريماً، فالضرورات تسبق الكماليات.,Sentiment: positive
لا تمش في الناس إلا رحمة لهم، ولا تعاملهم إلا بإنصاف.,Good Moral: رَحْم
إن المستبد فرد عاجز، لا حول له ولا قوة إلا بأعوانه أعداء العدل، وأنصار الجور.,Sentiment: negative
إن حكمت، فاحكم بالعدل، ولا تدخل الهوى فيما يثقل حكماً، أو يدع مجرماً لا يرجى إصلاحه يفلت من عقاب.,Good Moral: إِصْلاح
الظلم في أي مكان تهديد له بالزوال.,Blameworthy Moral: ظُلْم
إذا أردت السلم فاعمل من أجل العدل .,Sentiment: positive
هذا العالم يسحق العدل حين يتعامل بمنطق القوة فقط.,Good Moral: أَلْق
العدالة دون قوة عاجزة، والقوة دون عدالة طاغية.,Good Moral: أَلْق
يجب أن تقترن العدالة بالقوة، بحيث يصبح كل شيء عادلاً قوياً، وكل قوي عادل وإلا فلن يتحقق العدل.,Sentiment: positive
من استعمل العدل استغنى عن الشجاعة.,Good Moral: الشجاعة
العدل أساس الملك.,Sentiment: positive
نحب العدل، لكن قلما نحب العادلين.,Sentiment: positive
لن تكون عادلاً ما لم تكن إنساناً.,Sentiment: neutral
لا يمكن تفضيل شيء على العدالة.,Sentiment: negative
المرء لا تعذبه الاضطهادات إذا كان عادلاً.,Sentiment: positive
العدالة هي الحقيقة المتحركة.,Sentiment: neutral
لا تخش من العدل، ولكن خف من القاضي.,Sentiment: neutral
العادل فائز، والمتعسف على سبيل الهلكة.,Sentiment: negative
سلطان بلا عدل، كالنهر بلا ماء.,Sentiment: positive
المساواة بالظلم، عدل.,Blameworthy Moral: ظُلْم
اطمئن..فكل من نوى لك الشر، سيقع في شر أعماله، إنها العدالة الإلهية.,Sentiment: positive
أسعد الآخرين واجبر خواطرهم يسعدك الله ويجبر خاطرك، فالله يعاملنا بمنتهى العدالة,Sentiment: positive
العدالة الإلهية لها مذاق آخر.,Sentiment: positive
لا يرتاح ضميرك ولن تتجاوز أحزانك إلا حين تؤمن بأن العدالة الإلهيّة فوق أي شيء.,Sentiment: positive
لا تنتقم .. كن على يقين بأن الحياة ستأخذ دورتها في تبديل المقاعد ، وسيرغم الجميع على الجلوس وسيحدث العدل من دون أن تتلطخ يديك، إنها العدالة الإلهية.,Sentiment: positive
الحكمة تأتي من الحقيقة المثبتة في دورة الحياة وتقلباتها والمتقيدة بنظام العدالة الإلَهية التي ترينا كل مرة أن الظالم مهما طال الزمن سيجلس حتماً على مقعد الحساب.,Good Moral: الحكمة
حتى وإن سرقوا الحياة فالعدالة الإلهية لا تسرق.,Sentiment: negative
إن أعمال البر والإحسان لا يضيع لها أجر، كما أن صنائع الفضيلة ستكافئها العدالة الإلهية بأجرٍ غير ممنون، سواءً في عاجل الأيام أم آجلها.,Good Moral: البر
إنه زمن الباطل، لا تتكل فيه على أهل القانون لتحقيق العدالة بل الجأ إلى العدالة الإلهية إلى أن يقضي الله أمراً.,Sentiment: negative
العدالة الإلهية ثابته وكل إنسان سيحاسب على كل أعماله ولو كانت بمقدار ذرة.,Sentiment: positive
سنغادر هذه الحياة يوماً ما .. وسنقف أمام العدالة الإلهية، بعض الناس ينسون ذلك فيصبح الظلم سهلا.,Blameworthy Moral: ذُلّ
ستأخذ العدالة الإلهية مجراها، ويُجزى كل إمرءٍ بجنس عمله، فزارع الشوك لن يعبق ثمره بالعبير، وصوارف الدهر حصائد الألسنة وما تقترفه الأيدي، لن يحرم الله جارحاً من جرحه، ولن يفلت ظالماً من ظلمه، ولن تجتدب عين أراقت دمع غيرها، فالدمع بالدمع والجرح بالجرح؛ والكل مدينٌ بما اكتسبت يداه.,Blameworthy Moral: ظُلْم
عن العدلِ لا تعدلْ وكنْ متيقِّظًا عن العدلِ لا تعدلْ وكنْ متيقِّظًا وحكمُك بين النَّاس فليكُ بالقسطِ وحكمُك بين النَّاس فليكُ بالقسطِ وبالرِّفقِ عاملْهم وأحسنْ إليهمُ وبالرِّفقِ عاملْهم وأحسنْ إليهمُ ولا تبدلنَّ وجه الرِّضا منك بالسَّخطِ ولا تبدلنَّ وجه الرِّضا منك بالسَّخطِ وحَلِّ بدُرِّ الحقِّ جِيد نظامِهم وحَلِّ بدُرِّ الحقِّ جِيد نظامِهم وراقبْ إله الخلق في الحلِّ والربطِ وراقبْ إله الخلق في الحلِّ والربطِ,Good Moral: رِفَق
الكذب كالحزام لا يربط إلّا صاحبه.,Blameworthy Moral: كِذْب
قول الحقيقة وإزعاج الناس، خير من الكذب لإرضائهم.,Blameworthy Moral: كِذْب
الكذب لا يُخفي الحقيقة إنّما يؤجل اكتشافها.,Blameworthy Moral: كِذْب
الكذب يشوّه الإنسان في أعين الناس إلى ما لا نهاية.,Blameworthy Moral: كِذْب
الكذب داء والصّدق شفاء.,Blameworthy Moral: كِذْب
يسقط من صفوف الرجال رجل يكذب، أو يخلف وعده.,Sentiment: negative
الكذب بالنسبة للمرأة زينة، أمّا بالنسبة للرجل فهو أداة.,Blameworthy Moral: كِذْب
الكذب عار لازم وذل دائم.,Blameworthy Moral: كِذْب
إذا كان الكذب ينجي فالصّدق أنجى.,Blameworthy Moral: كِذْب
الكاذب لا يصدق حتى ولو قال صدقاً.,Good Moral: صِدْق
أن يكذب المرء ذلك يعني أنّه وقف ليتكلم ضد ضميره.,Blameworthy Moral: ذُلّ
الموت مع الصدق خيرٌ من الحياة مع الكذب.,Good Moral: صِدْق
للشيطان قرنان، الكذب والتكبّر.,Blameworthy Moral: كِذْب
الشيء الوحيد الذي سيساعدك الكذب على الوصول إليه هو فقدان المصداقية.,Blameworthy Moral: كِذْب
يكره الناس من يضطرونهم إلى الكذب عليهم.,Blameworthy Moral: كِذْب
ليست عقوبة الكاذب أن الناس لا يصدقونه بل أنه هو لا يستطيع أن يصدق الناس .,Sentiment: negative
إنّ هناك لحظة في الحياة نكره فيها الكذب أشد الكره! إنّها اللحظة التي يكذب فيها علينا أحدهم .,Blameworthy Moral: كِذْب
إذا لم يستطع الإنسان أن يخترع كذبة مقنعة فأولى به أن يتمسك بالصدق.,Good Moral: صِدْق
إن كان الكذب يجري بسرعة فالحقيقة ستلحقه دوماً.,Blameworthy Moral: كِذْب
ليس لأحد ذاكرة قوية بما فيه الكفاية لكي تجعل منه كاذباً ناجحاً.,Sentiment: positive
إنّ أشد أنواع الكذب سواداً هو خليط بين الصدق والكذب.,Blameworthy Moral: كِذْب
إيّاك وكثرة الاعتذار، فإن الكذب كثيراً ما يُخالط المعاذير.,Blameworthy Moral: كِذْب
كذب اللسان في أن يقول ما لا يفعل، وكذب القلب أن يعقد العزم فلا يفعل.,Sentiment: negative
حبال الكذب قصيرة ومهترئة.,Blameworthy Moral: كِذْب
الكذب كالزيت يطفو على وجه الحقيقة.,Blameworthy Moral: كِذْب
من يكذب مرّة، لا يدرك قدر الورطة التي أوقع نفسه فيها، إذ عليه أن يخترع عشرين كذبة أخرى للحفاظ على هذه الكذبة.,Blameworthy Moral: كِذْب
الكذب نقطة بداية في دفتر مليء بالخطايا.,Blameworthy Moral: كِذْب
لا يعني الكذب قول شيء غير الحقيقة فقط، بل يعني أحياناً الامتناع عن قول الحقيقة.,Blameworthy Moral: كِذْب
من يعتقدون أن الكذب الأبيض لا ضرر منه يصابون قريباً بعمى الألوان.,Blameworthy Moral: كِذْب
ما بُني على كذب لا يمكنه أن يدوم.,Sentiment: negative
يولد الصدق من الإيمان، ويولد الكذب من بطن الخطيئة.,Good Moral: صِدْق
الأيام أفضل جهاز لكشف الكذب.,Blameworthy Moral: كِذْب
أن يكذب المرء كذبة، ذلك يعني أنّه مضطر لأن يكذب عشرين كذبة أخرى ليغطيها.,Blameworthy Moral: ذُلّ
يوجد ثلاث أنواع من الأكاذيب.. الأكاذيب، والأكاذيب اللعينة، والإحصائيات.,Sentiment: negative
أقسى الأكاذيب تلك التي تقال بصمت.,Sentiment: negative
عندما يقول الكذاب الصدق يمرض.,Good Moral: صِدْق
في الحياة رذيلتان اثنتان فقط..أن تكذب على نفسك..وأن تخاف من إنسان يمرض مثلك ويموت مثلك,Sentiment: negative
الكاذب يحتاج للحلف دائماً، مع أنه لا يفيده.,Sentiment: negative
قد لا تكذب الصور، إنّما الكاذبون يستطيعون أن يصوروا صورا كاذبة.,Sentiment: negative
لا يستطيع الإنسان الكذب على نفسه حتى لو أراد هذا.,Blameworthy Moral: كِذْب
يبدأ الكذب حقاً عندما نكون مرغمين على الجواب.,Blameworthy Moral: كِذْب
لا تسبح في مستنقع الأكاذيب سوى الأسماك الميتة.,Sentiment: negative
الكذب لا يفيد شيئا فهو لا يخدع إلا مرة واحدة، قبل أن ينقطع حبله القصير.,Blameworthy Moral: كِذْب
مديح الكذاب لذة الغبي.,Sentiment: negative
الإيمان أن تؤثر الصدق حين يضرك، على الكذب حين ينفعك.,Good Moral: صِدْق
لا يكذب المرء إلّا من مهانة يلقاها من نفسه.,Sentiment: positive
الصدق حقيقة والكذب اختراع.,Good Moral: صِدْق
الكذب كالرمل ناعم حينما تتمدّد عليه، وثقيل حينما تحمله.,Blameworthy Moral: كِذْب
المبالغة هي كذبة الناس الصادقين.,Sentiment: negative
حين يكذب المرء لا يشوّه الحقيقة فحسب، بل يشوّه نفسه، ويشوّه كل رقعة بيضاء فيه فيغدو إنساناً فارغاً يختلط فيه بياض الفطرة بسواد قوله وفعله، ربما يظنّ أنّ في كذبته هذه أو تلك نجاة له من موقف وقع فيه، أو مشكلة أرهقته، إلّا أنّه لا يدرك أن كذبته هذه حبل يلتف على عنق الحقيقة في داخله فيخنقها رويداً رويداً ويخلّف وراءها دماراً لا يُتدارك.,Sentiment: negative
إنّ الكذب وصمة عار تُسطّر في صفحة الإنسان الداخلية، قد تنجيه من العالم نفسه لكنّها لن تنجيه من نفسه أبدا، فالكاذب يفقد احترامه لذاته، ويفقد ثقته في الآخرين لأنّه يحسب أن العالم خال من الصدق بكذبه هذا، ويظلّ هذا الكاذب مستمراً في مسلسل كذباته، كذبة تلد أخرى، وخديعة تغطي على أخرى وكلّها تسحبه إلى مستنقع مظلم وعميق من عدم الثقة وقلة المصداقية يبعدانه عن مجتمعه وأهله حتى يجد نفسه وحيداً في هذه الدنيا خاسراً كل جميل، بلا أي مكسب.,Blameworthy Moral: كِذْب
لم يكن يدري وهو يسطّر إحدى كذباته الكبرى بأنّها الأخيرة، ولم يكن يعرف بأنّ كتاب الغفران الذي كانت تستعين به في كل مرّة لتغفر له قد صكّ عن آخره هذه المرّة، ولم يكن يعرف بأن هذه اليد الحانية التي كانت تمسح على جبينه المتسخ بأبشع أنواع الكذب، هي ذاتها التي لن تلوّح له بالوداع هذه المرة، ينظرون إلى تسامحنا معهم الذي سببه حبّنا لهم في الأساس على أنّه ضعف وقلّة حيلة، ولا يدرون بأنّ الحليم إذا ما ثار يوماً أدار ظهره من غير عودة، بالصدق بدأت الحكاية وبأكبر الكذبات لوّن صفحاتها، فاستحق الهجر عن استحقاق.,Blameworthy Moral: كِذْب
إنّ للكذب رائحة سيئة جداً تشبه رائحة الخيانة، بل إنّها تتطابق معها بالبشاعة والسوء؛ فالكذب في أصله خيانة، هو خيانة لله وللحقيقة، ولأنفسنا، ولمن نكذب عليهم ممّن منحونا الثقة والأمان، وللكذب وجه مشوّه شبيه بوجه الخطيئة الأسود، بل هو وجهها الحقيقي؛ فالكذب خطيئة يترتب عليها المزيد من الخطايا، فكذبة تستلزم أخرى لتغطيها، وكذبة تستلزم جريمة لتغطيها، وكذبة أخرى تستلزم إثماً ليغطيها، وهو ما يحوّل هذا العالم إلى غابة كبيرة لا أمان فيها، على المرء أن يدرك أن التزام الصدق وإن لم ينجينا هو طريق الصواب الذي يحفظ لنا إنسانيتنا وينقذ هذا العالم.,Blameworthy Moral: كِذْب
الصدق قل وذر الكذب فالصدق ينجي في العقب والحــق فانشـره ولا تخشى الدوائر تنقلب ما قد مضى سيكون إن هبت الفنا أو لم تهب للذي زعمه أبدى النصائح ويك هب الذي خوفتني إياه أمر يهـــب,Good Moral: صِدْق
لا تسألِ الكذابَ عن نياتِهِ ما دامَ كذاباً عليكَ لسانهُ ينبيكَ في وجههِ قلبهِ إن الكتابَ عنوانهُ,Sentiment: neutral
لا عُذْرَ للسيدِ حين يكذبُ إِذ ليس يرجو أحدًا أو يرهبُ وليس معذورًا إِذا ما يغضَبُ العقابُ عندَه يصعبُ,Sentiment: neutral
إياك من كذب الكذوب وإفكه فلرُبما مزَج اليقينَ بشكّهِ ولرُبما امرؤٌ بكلامه وبصمته وبكائه وبضحكه ولربما ضحك تكلّفًا وبكى الشيء الذي لم يُبـكِهِ,Sentiment: negative
